Instância;Número de Arestas;Média de Arestas por Rótulos;Desvio Padrão de Arestas por Rótulos;Mínimo de Arestas por Rótulos;Máximo de Arestas por Rótulos;Número de Vértices com Grau 1;Média do Grau dos Vértices;Desvio Padrão do Grau dos Vértices;Grau Mínimo dos Vértices;Grau Máximo dos Vértices
50-0,8-12-0;564;47;3,13183;44;49;0;22,56;18,557;14;42
50-0,8-12-1;568;47,3333;2,77254;45;49;0;22,72;21,1824;14;44
50-0,8-12-2;567;47,25;3,00859;45;49;0;22,68;22,6279;14;41
50-0,8-12-3;562;46,8333;2,86913;44;49;0;22,48;20,6597;14;36
50-0,8-12-4;563;46,9167;3,93579;44;49;0;22,52;20,8323;15;44
50-0,8-12-5;570;47,5;2,50576;45;49;0;22,8;18,8341;14;42
50-0,8-12-6;560;46,6667;2,02031;45;48;0;22,4;21,2792;12;43
50-0,8-12-7;563;46,9167;3,30869;43;49;0;22,52;19,0111;15;43
50-0,8-12-8;565;47,0833;2,80407;45;49;0;22,6;20,1218;15;39
50-0,8-12-9;569;47,4167;2,64789;45;49;0;22,76;21,2276;16;44
50-0,5-12-0;501;41,75;7,95153;34;46;0;20,04;18,5897;13;31
50-0,5-12-1;498;41,5;7,26231;36;46;0;19,92;24,4048;11;30
50-0,5-12-2;476;39,6667;9,99611;30;44;0;19,04;51,7054;9;41
50-0,5-12-3;474;39,5;10,3612;33;47;0;18,96;49,9577;10;36
50-0,5-12-4;507;42,25;7,3668;36;47;0;20,28;19,5266;14;32
50-0,5-12-5;511;42,5833;7,81555;36;47;0;20,44;17,5897;13;32
50-0,5-12-6;490;40,8333;5,36855;36;43;0;19,6;32,2359;8;32
50-0,5-12-7;483;40,25;8,18526;34;46;0;19,32;34,682;10;33
50-0,5-12-8;494;41,1667;7,34346;35;45;0;19,76;16,2751;10;28
50-0,5-12-9;490;40,8333;7,60324;35;46;0;19,6;31,2518;11;33
50-0,2-12-0;242;20,1667;14,4333;15;25;0;9,68;40,5106;4;19
50-0,2-12-1;239;19,9167;20,1316;14;28;0;9,56;50,5636;3;20
50-0,2-12-2;240;20;13,994;15;25;0;9,6;112,442;3;44
50-0,2-12-3;235;19,5833;18,8151;12;26;0;9,4;109,982;3;42
50-0,2-12-4;243;20,25;18,9256;13;27;0;9,72;34,8606;2;16
50-0,2-12-5;244;20,3333;15,3347;17;27;0;9,76;31,584;4;17
50-0,2-12-6;238;19,8333;16,3164;14;26;0;9,52;94,1692;2;36
50-0,2-12-7;240;20;15,8114;15;25;0;9,6;91,714;2;35
50-0,2-12-8;243;20,25;14,9683;14;27;0;9,72;43,7474;4;19
50-0,2-12-9;235;19,5833;16,6067;14;24;0;9,4;88,4963;2;34
50-0,8-25-0;892;35,68;13,3761;23;43;0;35,68;8,4721;26;42
50-0,8-25-1;891;35,64;9,78042;24;42;0;35,64;9,81257;30;44
50-0,8-25-2;894;35,76;12,2349;27;45;0;35,76;13,1706;25;42
50-0,8-25-3;887;35,48;10,8171;24;41;0;35,48;12,3916;26;42
50-0,8-25-4;891;35,64;13,3005;25;43;0;35,64;9,94011;25;44
50-0,8-25-5;891;35,64;11,3039;27;43;0;35,64;10,0347;26;43
50-0,8-25-6;895;35,8;10,3314;27;44;0;35,8;12,2013;20;43
50-0,8-25-7;895;35,8;10,9474;29;43;0;35,8;11,8641;29;45
50-0,8-25-8;905;36,2;10,0668;27;42;0;36,2;9,58528;27;43
50-0,8-25-9;898;35,92;8,25557;27;42;0;35,92;11,3679;28;44
50-0,5-25-0;602;24,08;22,0349;11;33;0;24,08;13,542;18;31
50-0,5-25-1;597;23,88;19,5097;11;32;0;23,88;21,5918;15;34
50-0,5-25-2;595;23,8;18,334;15;32;0;23,8;51,3568;10;47
50-0,5-25-3;593;23,72;16,7585;14;32;0;23,72;49,7545;12;44
50-0,5-25-4;605;24,2;19,2759;16;34;0;24,2;15,6589;15;33
50-0,5-25-5;604;24,16;19,4027;15;32;0;24,16;16,9926;18;36
50-0,5-25-6;595;23,8;13,7055;18;29;0;23,8;31,7665;10;37
50-0,5-25-7;605;24,2;16,8157;14;33;0;24,2;34,3149;12;36
50-0,5-25-8;596;23,84;16,4258;18;32;0;23,84;14,2953;14;33
50-0,5-25-9;602;24,08;17,9648;16;33;0;24,08;30,2996;13;37
50-0,2-25-0;245;9,8;32,397;2;15;0;9,8;41,1213;4;19
50-0,2-25-1;245;9,8;29,4331;5;15;0;9,8;50,6928;3;22
50-0,2-25-2;245;9,8;32,2681;4;16;0;9,8;112,152;3;44
50-0,2-25-3;244;9,76;33,2043;3;17;0;9,76;110,419;3;45
50-0,2-25-4;245;9,8;35,348;2;16;0;9,8;34,8735;2;16
50-0,2-25-5;245;9,8;25,4898;5;15;0;9,8;31,4842;4;17
50-0,2-25-6;244;9,76;25,3105;5;15;0;9,76;94,2302;2;37
50-0,2-25-7;245;9,8;29,0054;4;17;0;9,8;91,6097;2;36
50-0,2-25-8;245;9,8;26,9202;5;16;0;9,8;43,8657;4;19
50-0,2-25-9;245;9,8;24,8276;6;14;0;9,8;89,1909;2;36
50-0,8-50-0;972;19,44;24,0653;9;31;0;38,88;6,47903;32;44
50-0,8-50-1;972;19,44;19,0304;11;26;0;38,88;8,35236;32;46
50-0,8-50-2;973;19,46;22,0478;11;30;0;38,92;12,7317;28;47
50-0,8-50-3;972;19,44;20,6572;11;29;0;38,88;11,8496;29;45
50-0,8-50-4;975;19,5;22,9398;11;29;0;39;8,50417;28;45
50-0,8-50-5;974;19,48;22,8711;12;30;0;38,96;8,61995;29;46
50-0,8-50-6;974;19,48;20,4887;10;28;0;38,96;11,2112;25;48
50-0,8-50-7;972;19,44;20,3994;12;30;0;38,88;10,9199;31;48
50-0,8-50-8;974;19,48;22,2165;9;30;0;38,96;8,40322;31;44
50-0,8-50-9;971;19,42;19,5428;12;29;0;38,84;10,2646;32;46
50-0,5-50-0;611;12,22;27,4496;4;21;0;24,44;13,3003;18;32
50-0,5-50-1;610;12,2;27,4804;5;21;0;24,4;20,9778;15;35
50-0,5-50-2;610;12,2;27,2348;4;20;0;24,4;51,3719;10;47
50-0,5-50-3;609;12,18;30,6181;6;21;0;24,36;49,9322;12;45
50-0,5-50-4;611;12,22;30,3242;5;21;0;24,44;15,7868;15;33
50-0,5-50-5;610;12,2;29,8253;5;22;0;24,4;16,9178;18;36
50-0,5-50-6;610;12,2;22,7745;6;18;0;24,4;31,5866;11;37
50-0,5-50-7;610;12,2;28,7704;5;19;0;24,4;34,1519;12;36
50-0,5-50-8;609;12,18;24,994;3;18;0;24,36;13,8302;17;34
50-0,5-50-9;610;12,2;26,2295;6;19;0;24,4;30,6584;13;38
50-0,2-50-0;245;4,9;43,4363;0;9;0;9,8;41,1213;4;19
50-0,2-50-1;245;4,9;40,663;1;9;0;9,8;50,6928;3;22
50-0,2-50-2;245;4,9;42,27;1;12;0;9,8;112,152;3;44
50-0,2-50-3;245;4,9;51,0204;0;11;0;9,8;109,75;3;45
50-0,2-50-4;245;4,9;46,5825;0;11;0;9,8;34,8735;2;16
50-0,2-50-5;245;4,9;35,8743;1;9;0;9,8;31,4842;4;17
50-0,2-50-6;245;4,9;39,2028;2;9;0;9,8;93,6777;2;37
50-0,2-50-7;245;4,9;44,9443;1;11;0;9,8;91,6097;2;36
50-0,2-50-8;245;4,9;39,6255;1;10;0;9,8;43,8657;4;19
50-0,2-50-9;245;4,9;36,1057;2;9;0;9,8;89,1909;2;36
50-0,8-62-0;979;15,7903;26,1892;7;25;0;39,16;6,3041;33;44
50-0,8-62-1;976;15,7419;23,767;8;23;0;39,04;7,93578;33;46
50-0,8-62-2;977;15,7581;23,8994;8;25;0;39,08;12,5341;28;47
50-0,8-62-3;974;15,7097;21,5224;9;22;0;38,96;11,7282;30;45
50-0,8-62-4;973;15,6935;24,0223;7;25;0;38,92;8,9426;27;45
50-0,8-62-5;973;15,6935;26,3371;8;27;0;38,92;8,67277;29;46
50-0,8-62-6;979;15,7903;24,399;8;26;0;39,16;11,2865;25;48
50-0,8-62-7;975;15,7258;25,9479;7;25;0;39;10,8058;31;47
50-0,8-62-8;973;15,6935;22,963;8;25;0;38,92;8,28343;31;45
50-0,8-62-9;976;15,7419;25,739;5;24;0;39,04;10,0514;32;45
50-0,5-62-0;612;9,87097;30,9044;4;18;0;24,48;13,1544;18;32
50-0,5-62-1;612;9,87097;31,6977;2;17;0;24,48;20,945;15;35
50-0,5-62-2;611;9,85484;31,925;2;19;0;24,44;51,3541;10;47
50-0,5-62-3;609;9,82258;31,3801;3;19;0;24,36;49,8984;12;45
50-0,5-62-4;612;9,87097;31,9577;4;18;0;24,48;15,8471;15;33
50-0,5-62-5;609;9,82258;36,5938;4;20;0;24,36;17,373;18;37
50-0,5-62-6;612;9,87097;28,9119;4;17;0;24,48;31,5812;11;38
50-0,5-62-7;610;9,83871;30,6114;4;17;0;24,4;34,1519;12;36
50-0,5-62-8;610;9,83871;26,7791;4;16;0;24,4;13,8134;17;34
50-0,5-62-9;612;9,87097;32,7255;2;18;0;24,48;30,7567;13;38
50-0,2-62-0;245;3,95161;48,8314;0;8;0;9,8;41,1213;4;19
50-0,2-62-1;245;3,95161;48,8314;1;10;0;9,8;50,6928;3;22
50-0,2-62-2;245;3,95161;51,9074;0;10;0;9,8;112,152;3;44
50-0,2-62-3;245;3,95161;49,4619;0;9;0;9,8;109,75;3;45
50-0,2-62-4;245;3,95161;51,708;0;10;0;9,8;34,8735;2;16
50-0,2-62-5;245;3,95161;54,052;0;10;0;9,8;31,4842;4;17
50-0,2-62-6;245;3,95161;42,498;1;8;0;9,8;93,6777;2;37
50-0,2-62-7;245;3,95161;44,1666;1;10;0;9,8;91,6097;2;36
50-0,2-62-8;245;3,95161;44,3998;1;8;0;9,8;43,8657;4;19
50-0,2-62-9;245;3,95161;51,5079;0;10;0;9,8;89,1909;2;36
100-0,8-25-0;2363;94,52;2,39617;90;99;0;47,26;14,4339;36;91
100-0,8-25-1;2356;94,24;2,4618;90;98;0;47,12;12,7839;32;78
100-0,8-25-2;2365;94,6;2,42899;89;98;0;47,3;12,7605;34;80
100-0,8-25-3;2370;94,8;2,2327;90;98;0;47,4;13,8085;36;88
100-0,8-25-4;2361;94,44;1,91957;91;98;0;47,22;14,7349;37;92
100-0,8-25-5;2375;95;2,45514;89;98;0;47,5;13,7392;33;83
100-0,8-25-6;2370;94,8;1,68776;92;98;0;47,4;13,1108;37;83
100-0,8-25-7;2361;94,44;2,182;89;98;0;47,22;15,1935;32;90
100-0,8-25-8;2356;94,24;1,95154;90;98;0;47,12;16,4642;32;93
100-0,8-25-9;2359;94,36;2,57644;89;99;0;47,18;11,9426;37;79
100-0,5-25-0;2039;81,56;6,72524;71;93;0;40,78;19,5855;26;62
100-0,5-25-1;2090;83,6;5,14215;72;89;0;41,8;17,4297;24;60
100-0,5-25-2;2064;82,56;6,06182;70;89;0;41,28;10,117;30;51
100-0,5-25-3;2063;82,52;4,88497;74;90;0;41,26;18,2487;27;61
100-0,5-25-4;1973;78,92;4,4319;68;85;0;39,46;40,8935;20;69
100-0,5-25-5;2070;82,8;5,08969;73;90;0;41,4;13,0479;25;55
100-0,5-25-6;2055;82,2;4,56488;74;90;0;41,1;13,4173;31;58
100-0,5-25-7;2066;82,64;5,61221;73;91;0;41,32;15,3593;29;76
100-0,5-25-8;2003;80,12;5,50672;68;88;0;40,06;35,7022;21;75
100-0,5-25-9;2059;82,36;5,1155;73;92;0;41,18;14,6926;29;60
100-0,2-25-0;981;39,24;17,4529;26;50;0;19,62;53,7748;6;43
100-0,2-25-1;976;39,04;14,2981;28;54;0;19,52;83,3436;6;62
100-0,2-25-2;979;39,16;12,2931;27;48;0;19,58;19,1257;10;31
100-0,2-25-3;979;39,16;14,6371;28;52;0;19,58;59,4954;4;48
100-0,2-25-4;960;38,4;13,7208;26;49;0;19,2;106,645;8;77
100-0,2-25-5;986;39,44;14,5756;27;49;0;19,72;32,3598;9;37
100-0,2-25-6;984;39,36;12,1714;31;48;0;19,68;43,0736;9;37
100-0,2-25-7;977;39,08;14,3464;29;50;0;19,54;72,4889;6;53
100-0,2-25-8;966;38,64;14,2669;24;51;0;19,32;99,6827;7;75
100-0,2-25-9;984;39,36;20,2346;28;62;0;19,68;26,1761;10;36
100-0,8-50-0;3643;72,86;7,67621;60;85;0;72,86;6,93353;63;91
100-0,8-50-1;3633;72,66;8,22367;57;85;0;72,66;6,48229;62;83
100-0,8-50-2;3645;72,9;7,90985;61;85;0;72,9;6,55716;64;89
100-0,8-50-3;3665;73,3;8,85507;58;88;0;73,3;7,01631;59;88
100-0,8-50-4;3664;73,28;8,08266;58;86;0;73,28;9,29167;62;92
100-0,8-50-5;3683;73,66;6,49722;63;83;0;73,66;7,08609;59;86
100-0,8-50-6;3642;72,84;7,37456;64;85;0;72,84;7,36689;61;87
100-0,8-50-7;3630;72,6;8,12555;61;83;0;72,6;9,18641;57;90
100-0,8-50-8;3630;72,6;6,55393;59;82;0;72,6;10,8107;58;93
100-0,8-50-9;3643;72,86;6,93353;60;84;0;72,86;5,82954;62;85
100-0,5-50-0;2449;48,98;15,4654;30;70;0;48,98;19,0629;32;70
100-0,5-50-1;2444;48,88;12,5357;35;64;0;48,88;17,3986;27;63
100-0,5-50-2;2452;49,04;12,9608;36;65;0;49,04;9,63775;40;62
100-0,5-50-3;2449;48,98;12,8055;34;68;0;48,98;18,6025;34;70
100-0,5-50-4;2436;48,72;12,2538;35;64;0;48,72;41,7289;26;81
100-0,5-50-5;2452;49,04;12,7015;34;63;0;49,04;11,4335;35;63
100-0,5-50-6;2447;48,94;13,6668;37;65;0;48,94;11,6481;32;62
100-0,5-50-7;2451;49,02;12,412;35;60;0;49,02;14,2068;38;76
100-0,5-50-8;2433;48,66;11,2306;34;61;0;48,66;35,0331;26;75
100-0,5-50-9;2449;48,98;12,9608;37;65;0;48,98;13,6957;33;69
100-0,2-50-0;989;19,78;22,997;8;31;0;19,78;53,8824;6;44
100-0,2-50-1;990;19,8;22,3139;10;31;0;19,8;83,3471;6;63
100-0,2-50-2;989;19,78;20,9741;11;30;0;19,78;19,1123;10;31
100-0,2-50-3;989;19,78;20,5556;11;31;0;19,78;59,3537;4;48
100-0,2-50-4;988;19,76;21,3647;12;30;0;19,76;107,65;8;81
100-0,2-50-5;989;19,78;21,1924;9;29;0;19,78;32,3447;9;37
100-0,2-50-6;990;19,8;19,5344;12;30;0;19,8;43,3462;9;37
100-0,2-50-7;987;19,74;20,5604;12;29;0;19,74;72,6085;6;53
100-0,2-50-8;988;19,76;17,9798;12;28;0;19,76;99,6543;7;75
100-0,2-50-9;990;19,8;25,812;11;32;0;19,8;25,9598;10;36
100-0,8-100-0;3938;39,38;15,4454;26;54;0;78,76;6,06296;68;95
100-0,8-100-1;3937;39,37;14,4876;28;60;0;78,74;6,46984;66;88
100-0,8-100-2;3944;39,44;14,7117;24;52;0;78,88;6,10965;68;93
100-0,8-100-3;3929;39,29;15,508;25;55;0;78,58;6,22706;64;93
100-0,8-100-4;3940;39,4;14,4559;21;58;0;78,8;9,19679;66;97
100-0,8-100-5;3947;39,47;14,6047;27;56;0;78,94;6,55999;63;93
100-0,8-100-6;3932;39,32;13,9107;27;51;0;78,64;6,61124;67;91
100-0,8-100-7;3939;39,39;15,8416;22;55;0;78,78;8,04733;65;93
100-0,8-100-8;3938;39,38;13,2036;25;50;0;78,76;10,0796;62;95
100-0,8-100-9;3939;39,39;15,2741;28;57;0;78,78;4,98319;68;88
100-0,5-100-0;2472;24,72;19,4939;15;36;0;49,44;18,8364;32;71
100-0,5-100-1;2469;24,69;20,0287;13;38;0;49,38;17,5842;27;63
100-0,5-100-2;2474;24,74;18,6865;13;33;0;49,48;9,61835;40;64
100-0,5-100-3;2470;24,7;18,4333;15;36;0;49,4;18,6543;34;70
100-0,5-100-4;2470;24,7;20,019;12;38;0;49,4;41,7848;26;81
100-0,5-100-5;2475;24,75;18,4481;15;37;0;49,5;11,3617;35;63
100-0,5-100-6;2469;24,69;18,4691;15;35;0;49,38;11,6854;32;63
100-0,5-100-7;2473;24,73;18,2356;11;35;0;49,46;14,0817;38;76
100-0,5-100-8;2469;24,69;17,8366;12;33;0;49,38;35,1131;26;75
100-0,5-100-9;2471;24,71;21,2709;13;39;0;49,42;13,6196;33;69
100-0,2-100-0;990;9,9;31,5404;3;18;0;19,8;53,9105;6;44
100-0,2-100-1;990;9,9;32,1809;2;17;0;19,8;83,3471;6;63
100-0,2-100-2;990;9,9;30,9856;3;19;0;19,8;19,2715;10;31
100-0,2-100-3;990;9,9;29,845;3;20;0;19,8;59,3386;4;48
100-0,2-100-4;990;9,9;31,9262;3;17;0;19,8;107,634;8;81
100-0,2-100-5;990;9,9;29,9133;4;18;0;19,8;32,2046;9;37
100-0,2-100-6;990;9,9;29,9133;4;19;0;19,8;43,3462;9;37
100-0,2-100-7;989;9,89;31,9391;3;19;0;19,78;72,6693;6;53
100-0,2-100-8;990;9,9;29,5703;4;17;0;19,8;99,6653;7;75
100-0,2-100-9;990;9,9;36,962;1;20;0;19,8;25,9598;10;36
100-0,8-125-0;3952;31,616;17,58;20;48;0;79,04;6,04095;68;95
100-0,8-125-1;3950;31,6;17,1471;15;45;0;79;6,38958;66;88
100-0,8-125-2;3953;31,624;16,1371;19;47;0;79,06;6,07876;68;94
100-0,8-125-3;3946;31,568;18,0728;21;46;0;78,92;6,05745;65;93
100-0,8-125-4;3952;31,616;17,4429;13;46;0;79,04;9,10917;66;97
100-0,8-125-5;3954;31,632;17,4008;16;47;0;79,08;6,56997;62;93
100-0,8-125-6;3955;31,64;16,5193;19;47;0;79,1;6,55082;67;91
100-0,8-125-7;3943;31,544;17,2406;15;44;0;78,86;8,09386;65;94
100-0,8-125-8;3954;31,632;16,9917;18;46;0;79,08;9,96132;63;95
100-0,8-125-9;3952;31,616;18,1358;19;48;0;79,04;5,11709;68;89
100-0,5-125-0;2475;19,8;22,121;8;31;0;49,5;18,9523;32;71
100-0,5-125-1;2473;19,784;21,6684;11;32;0;49,46;17,5479;27;64
100-0,5-125-2;2475;19,8;19,5657;11;32;0;49,5;9,60181;40;64
100-0,5-125-3;2474;19,792;22,3073;12;31;0;49,48;18,557;34;70
100-0,5-125-4;2473;19,784;22,7453;9;32;0;49,46;41,807;26;81
100-0,5-125-5;2475;19,8;21,014;8;30;0;49,5;11,3617;35;63
100-0,5-125-6;2473;19,784;20,6839;11;34;0;49,46;11,6967;32;63
100-0,5-125-7;2473;19,784;21,0949;7;29;0;49,46;14,0555;38;76
100-0,5-125-8;2474;19,792;21,9566;7;30;0;49,48;35,0662;26;75
100-0,5-125-9;2475;19,8;24,1243;8;31;0;49,5;13,6375;33;69
100-0,2-125-0;990;7,92;34,3509;2;15;0;19,8;53,9105;6;44
100-0,2-125-1;990;7,92;34,3509;2;15;0;19,8;83,3471;6;63
100-0,2-125-2;990;7,92;33,9024;2;16;0;19,8;19,2715;10;31
100-0,2-125-3;990;7,92;35,4472;1;18;0;19,8;59,3386;4;48
100-0,2-125-4;990;7,92;36,1596;2;16;0;19,8;107,634;8;81
100-0,2-125-5;990;7,92;35,0492;2;17;0;19,8;32,2046;9;37
100-0,2-125-6;990;7,92;32,7544;1;16;0;19,8;43,3462;9;37
100-0,2-125-7;989;7,912;34,9538;2;16;0;19,78;72,6693;6;53
100-0,2-125-8;990;7,92;33,486;2;15;0;19,8;99,6653;7;75
100-0,2-125-9;990;7,92;39,9788;0;17;0;19,8;25,9598;10;36
200-0,8-50-0;9508;190,16;1,63058;182;197;0;95,08;8,93759;77;164
200-0,8-50-1;9484;189,68;1,49652;183;197;0;94,84;11,9857;70;164
200-0,8-50-2;9505;190,1;1,38878;185;196;0;95,05;9,51345;74;162
200-0,8-50-3;9372;187,44;1,87308;178;195;0;93,72;24,9555;58;186
200-0,8-50-4;9492;189,84;1,65023;180;195;0;94,92;11,6919;71;178
200-0,8-50-5;9532;190,64;1,44517;183;195;0;95,32;9,6584;76;168
200-0,8-50-6;9487;189,74;1,7088;182;195;0;94,87;12,0549;74;185
200-0,8-50-7;9494;189,88;1,57516;183;195;0;94,94;9,64364;76;167
200-0,8-50-8;9523;190,46;1,39788;185;197;0;95,23;10,1064;74;166
200-0,8-50-9;9526;190,52;1,5508;184;198;0;95,26;10,3864;76;171
200-0,5-50-0;8249;164,98;3,77654;152;181;0;82,49;14,1721;54;107
200-0,5-50-1;7846;156,92;4,03615;140;168;0;78,46;49,4729;41;164
200-0,5-50-2;8327;166,54;3,02432;157;177;0;83,27;11,8646;64;114
200-0,5-50-3;7702;154,04;4,43341;137;167;0;77,02;59,739;40;186
200-0,5-50-4;8289;165,78;3,90978;148;179;0;82,89;16,4842;60;146
200-0,5-50-5;8337;166,74;4,15996;152;182;0;83,37;10,7788;60;113
200-0,5-50-6;7935;158,7;4,0529;146;171;0;79,35;43,0009;40;150
200-0,5-50-7;8246;164,92;3,74733;147;180;0;82,46;16,4763;58;121
200-0,5-50-8;8351;167,02;3,54718;152;179;0;83,51;10,7352;59;110
200-0,5-50-9;8302;166,04;3,19362;156;178;0;83,02;14,1387;60;108
200-0,2-50-0;3934;78,68;11,3748;62;96;0;39,34;84,9357;16;128
200-0,2-50-1;3874;77,48;9,64886;59;93;0;38,74;118,352;17;174
200-0,2-50-2;3966;79,32;10,3115;60;96;0;39,66;26,2598;19;67
200-0,2-50-3;3843;76,86;10,9507;57;96;0;38,43;130,33;17;193
200-0,2-50-4;3952;79,04;10,3836;56;96;0;39,52;70,8113;15;101
200-0,2-50-5;3968;79,36;11,8495;57;100;0;39,68;22,5505;21;60
200-0,2-50-6;3881;77,62;11,5631;57;95;0;38,81;111,626;13;157
200-0,2-50-7;3950;79;9,89935;65;100;0;39,5;53,7425;16;81
200-0,2-50-8;3955;79,1;11,6013;56;97;0;39,55;41,3258;16;80
200-0,2-50-9;3958;79,16;10,9091;55;98;0;39,58;47,8144;17;82
200-0,8-100-0;14722;147,22;5,8869;121;164;0;147,22;4,48985;131;169
200-0,8-100-1;14668;146,68;5,60027;127;165;0;146,68;9,32057;113;171
200-0,8-100-2;14762;147,62;5,42337;128;168;0;147,62;5,2304;125;168
200-0,8-100-3;14539;145,39;5,54944;125;163;0;145,39;24,4618;92;188
200-0,8-100-4;14697;146,97;6,12858;120;165;0;146,97;7,32506;128;178
200-0,8-100-5;14689;146,89;6,12696;123;168;0;146,89;4,36698;130;168
200-0,8-100-6;14715;147,15;5,45476;125;165;0;147,15;8,14297;126;185
200-0,8-100-7;14732;147,32;4,96577;130;163;0;147,32;4,79392;128;169
200-0,8-100-8;14755;147,55;5,25093;125;162;0;147,55;5,97053;127;170
200-0,8-100-9;14751;147,51;5,80047;128;168;0;147,51;5,80839;127;171
200-0,5-100-0;9858;98,58;10,7596;69;122;0;98,58;14,3219;62;129
200-0,5-100-1;9801;98,01;9,59248;68;119;0;98,01;50,2926;53;176
200-0,5-100-2;9889;98,89;9,31853;78;119;0;98,89;12,1072;73;134
200-0,5-100-3;9773;97,73;10,4598;76;123;0;97,73;61,2765;54;199
200-0,5-100-4;9884;98,84;10,5013;75;121;0;98,84;16,4451;73;148
200-0,5-100-5;9884;98,84;9,91989;71;119;0;98,84;10,0103;78;123
200-0,5-100-6;9832;98,32;9,31385;77;126;0;98,32;43,7325;48;163
200-0,5-100-7;9883;98,83;9,45195;76;125;0;98,83;16,7055;71;136
200-0,5-100-8;9895;98,95;9,38006;77;119;0;98,95;10,5039;71;127
200-0,5-100-9;9884;98,84;9,02514;81;125;0;98,84;13,8136;70;129
200-0,2-100-0;3975;39,75;17,3471;24;57;0;39,75;85,1284;17;130
200-0,2-100-1;3972;39,72;13,7162;22;53;0;39,72;118,493;18;178
200-0,2-100-2;3979;39,79;14,6167;28;54;0;39,79;26,3389;19;68
200-0,2-100-3;3969;39,69;17,7826;25;57;0;39,69;130,793;18;199
200-0,2-100-4;3977;39,77;15,3726;23;55;0;39,77;70,929;15;102
200-0,2-100-5;3980;39,8;16,9258;17;56;0;39,8;22,5208;21;60
200-0,2-100-6;3969;39,69;16,8477;21;57;0;39,69;111,887;13;162
200-0,2-100-7;3973;39,73;13,2703;28;57;0;39,73;53,7174;16;81
200-0,2-100-8;3980;39,8;16,1431;23;58;0;39,8;41,3956;16;83
200-0,2-100-9;3977;39,77;14,7642;26;58;0;39,77;47,8003;17;82
200-0,8-200-0;15880;79,4;11,7635;55;103;0;158,8;4,01544;143;174
200-0,8-200-1;15880;79,4;11,1786;54;103;0;158,8;9,33966;123;179
200-0,8-200-2;15882;79,41;11,1816;60;104;0;158,82;4,80586;138;178
200-0,8-200-3;15874;79,37;10,7296;56;100;0;158,74;24,8086;106;199
200-0,8-200-4;15878;79,39;11,3859;57;103;0;158,78;7,13879;135;181
200-0,8-200-5;15885;79,425;11,3924;56;102;0;158,85;3,88512;140;176
200-0,8-200-6;15867;79,335;10,9902;56;108;0;158,67;7,77601;137;195
200-0,8-200-7;15889;79,445;10,5851;58;101;0;158,89;4,50153;144;181
200-0,8-200-8;15883;79,415;10,422;58;104;0;158,83;5,60882;138;180
200-0,8-200-9;15873;79,365;11,1239;60;99;0;158,73;5,74259;137;179
200-0,5-200-0;9944;49,72;14,8182;27;68;0;99,44;14,398;65;130
200-0,5-200-1;9942;49,71;14,4806;32;68;0;99,42;50,48;56;178
200-0,5-200-2;9947;49,735;14,6025;26;66;0;99,47;12,0798;74;134
200-0,5-200-3;9936;49,68;14,0582;29;67;0;99,36;61,3635;54;199
200-0,5-200-4;9942;49,71;14,2383;35;71;0;99,42;16,4577;74;151
200-0,5-200-5;9945;49,725;14,6268;31;70;0;99,45;9,96478;78;124
200-0,5-200-6;9937;49,685;14,5882;31;69;0;99,37;43,7485;48;165
200-0,5-200-7;9945;49,725;14,096;31;68;0;99,45;16,7302;72;136
200-0,5-200-8;9948;49,74;13,1177;34;74;0;99,48;10,5362;71;127
200-0,5-200-9;9938;49,69;13,6246;34;68;0;99,38;13,8509;70;129
200-0,2-200-0;3979;19,895;23,6155;10;34;0;39,79;85,156;17;130
200-0,2-200-1;3980;19,9;20,0628;8;32;0;39,8;118,486;18;178
200-0,2-200-2;3980;19,9;22,3265;9;32;0;39,8;26,3376;19;68
200-0,2-200-3;3978;19,89;23,0384;11;33;0;39,78;130,79;18;199
200-0,2-200-4;3979;19,895;22,323;10;30;0;39,79;70,9253;15;102
200-0,2-200-5;3980;19,9;23,527;7;32;0;39,8;22,5208;21;60
200-0,2-200-6;3979;19,895;24,0133;7;35;0;39,79;111,906;13;162
200-0,2-200-7;3979;19,895;21,3453;11;35;0;39,79;53,6781;16;81
200-0,2-200-8;3980;19,9;22,2529;10;36;0;39,8;41,3956;16;83
200-0,2-200-9;3978;19,89;21,347;10;33;0;39,78;47,7707;17;82
200-0,8-250-0;15890;63,56;12,689;43;83;0;158,9;3,96076;143;174
200-0,8-250-1;15894;63,576;12,8098;41;87;0;158,94;9,35001;124;179
200-0,8-250-2;15904;63,616;11,9513;48;90;0;159,04;4,82922;139;179
200-0,8-250-3;15897;63,588;12,079;44;88;0;158,97;24,8135;107;199
200-0,8-250-4;15899;63,596;12,8702;41;86;0;158,99;7,12848;136;181
200-0,8-250-5;15901;63,604;13,1067;46;91;0;159,01;3,8655;140;175
200-0,8-250-6;15896;63,584;12,6001;41;98;0;158,96;7,75946;137;196
200-0,8-250-7;15902;63,608;11,778;46;84;0;159,02;4,49396;144;181
200-0,8-250-8;15900;63,6;12,418;44;85;0;159;5,66143;139;180
200-0,8-250-9;15891;63,564;12,696;38;89;0;158,91;5,71619;137;179
200-0,5-250-0;9943;39,772;17,0797;21;60;0;99,43;14,3881;65;130
200-0,5-250-1;9943;39,772;16,5809;23;58;0;99,43;50,4882;56;178
200-0,5-250-2;9948;39,792;15,4403;23;59;0;99,48;12,0899;74;134
200-0,5-250-3;9940;39,76;15,9811;24;58;0;99,4;61,3757;54;199
200-0,5-250-4;9945;39,78;16,0656;23;57;0;99,45;16,4418;74;151
200-0,5-250-5;9945;39,78;16,1754;25;59;0;99,45;9,95513;78;124
200-0,5-250-6;9942;39,768;15,8786;24;61;0;99,42;43,762;48;165
200-0,5-250-7;9948;39,792;15,4713;24;55;0;99,48;16,7167;72;136
200-0,5-250-8;9949;39,796;15,2705;25;58;0;99,49;10,5514;71;127
200-0,5-250-9;9946;39,784;15,6895;23;55;0;99,46;13,8636;70;129
200-0,2-250-0;3979;15,916;26,9195;5;29;0;39,79;85,156;17;130
200-0,2-250-1;3980;15,92;23,9762;7;28;0;39,8;118,486;18;178
200-0,2-250-2;3980;15,92;24,1533;7;30;0;39,8;26,3376;19;68
200-0,2-250-3;3979;15,916;26,3203;7;31;0;39,79;130,788;18;199
200-0,2-250-4;3979;15,916;25,897;5;26;0;39,79;70,924;15;102
200-0,2-250-5;3980;15,92;24,0551;7;28;0;39,8;22,5208;21;60
200-0,2-250-6;3979;15,916;25,9883;6;31;0;39,79;111,902;13;162
200-0,2-250-7;3979;15,916;22,469;7;27;0;39,79;53,6875;16;81
200-0,2-250-8;3980;15,92;24,3744;4;29;0;39,8;41,3956;16;83
200-0,2-250-9;3979;15,916;23,8132;5;29;0;39,79;47,7577;17;82
400-0,8-100-0;38112;381,12;1,16593;365;391;0;190,56;7,319;160;331
400-0,8-100-1;38045;380,45;1,13016;370;391;0;190,225;7,37217;162;343
400-0,8-100-2;38100;381;1,17379;371;392;0;190,5;7,84061;159;334
400-0,8-100-3;38050;380,5;1,14346;372;391;0;190,25;10,7277;158;363
400-0,8-100-4;38141;381,41;1,02695;368;391;0;190,705;7,08808;162;359
400-0,8-100-5;38122;381,22;1,25889;365;391;0;190,61;6,43734;162;331
400-0,8-100-6;38188;381,88;1,02313;370;391;0;190,94;7,31579;163;347
400-0,8-100-7;38204;382,04;1,01439;372;390;0;191,02;8,12302;154;345
400-0,8-100-8;38032;380,32;1,19622;370;393;0;190,16;10,829;156;370
400-0,8-100-9;38134;381,34;1,26048;367;391;0;190,67;7,3787;157;339
400-0,5-100-0;33403;334,03;2,60798;309;351;0;167,015;9,00226;132;234
400-0,5-100-1;33119;331,19;2,64425;310;350;0;165,595;17,1311;131;273
400-0,5-100-2;33297;332,97;2,47964;309;351;0;166,485;11,8433;124;210
400-0,5-100-3;32467;324,67;2,54996;306;347;0;162,335;32,694;92;288
400-0,5-100-4;33357;333,57;2,78697;310;362;0;166,785;9,73037;125;206
400-0,5-100-5;33290;332,9;2,74377;304;353;0;166,45;10,3625;125;207
400-0,5-100-6;33349;333,49;2,90894;306;356;0;166,745;11,7675;135;265
400-0,5-100-7;33238;332,38;2,3666;308;349;0;166,19;15,995;132;287
400-0,5-100-8;32473;324,73;2,83675;304;349;0;162,365;32,7345;92;268
400-0,5-100-9;33370;333,7;3,10662;308;356;0;166,85;7,82277;136;253
400-0,2-100-0;15939;159,39;8,13042;130;190;0;79,695;17,0721;55;145
400-0,2-100-1;15879;158,79;8,12969;132;191;0;79,395;63,207;35;180
400-0,2-100-2;15917;159,17;7,16769;138;191;0;79,585;44,3791;34;141
400-0,2-100-3;15776;157,76;6,86818;131;179;0;78,88;102,091;33;288
400-0,2-100-4;15841;158,41;8,31034;130;191;0;79,205;82,9593;31;231
400-0,2-100-5;15933;159,33;8,17366;125;187;0;79,665;20,2353;54;158
400-0,2-100-6;15939;159,39;7,61443;135;192;0;79,695;23,172;44;116
400-0,2-100-7;15868;158,68;7,87314;128;187;0;79,34;70,7824;29;201
400-0,2-100-8;15731;157,31;7,02122;136;185;0;78,655;101,85;31;284
400-0,2-100-9;15926;159,26;8,68944;121;196;0;79,63;27,8953;50;151
400-0,8-200-0;59154;295,77;4,19568;258;321;0;295,77;4,66746;263;331
400-0,8-200-1;59171;295,855;4,02258;263;333;0;295,855;4,94905;256;343
400-0,8-200-2;59130;295,65;3,70779;272;326;0;295,65;5,58151;264;334
400-0,8-200-3;59231;296,155;3,95252;253;330;0;296,155;9,26722;250;363
400-0,8-200-4;59333;296,665;3,61357;258;325;0;296,665;3,60168;268;362
400-0,8-200-5;59366;296,83;3,83394;263;333;0;296,83;3,52245;264;331
400-0,8-200-6;59257;296,285;3,94289;269;321;0;296,285;4,59995;264;347
400-0,8-200-7;59181;295,905;3,87308;270;326;0;295,905;6,33896;262;345
400-0,8-200-8;59177;295,885;4,04692;261;321;0;295,885;9,56107;249;370
400-0,8-200-9;59170;295,85;4,33268;258;334;0;295,85;4,58744;268;340
400-0,5-200-0;39729;198,645;6,99232;164;240;0;198,645;8,76519;166;261
400-0,5-200-1;39713;198,565;7,45392;159;255;0;198,565;18,0902;158;287
400-0,5-200-2;39733;198,665;6,49125;164;229;0;198,665;11,902;149;244
400-0,5-200-3;39668;198,34;6,86311;162;230;0;198,34;33,8242;114;292
400-0,5-200-4;39742;198,71;6,99685;166;245;0;198,71;9,60087;146;234
400-0,5-200-5;39731;198,655;7,17419;159;243;0;198,655;10,5635;155;245
400-0,5-200-6;39728;198,64;7,25577;163;231;0;198,64;11,9288;165;275
400-0,5-200-7;39704;198,52;7,04552;162;235;0;198,52;16,7303;152;296
400-0,5-200-8;39659;198,295;7,21285;168;234;0;198,295;33,7049;118;289
400-0,5-200-9;39701;198,505;7,96205;162;241;0;198,505;7,09335;168;284
400-0,2-200-0;15958;79,79;11,0989;52;102;0;79,79;17,0595;55;145
400-0,2-200-1;15956;79,78;11,9342;59;109;0;79,78;63,2489;35;181
400-0,2-200-2;15958;79,79;10,481;56;100;0;79,79;44,4213;34;141
400-0,2-200-3;15951;79,755;10,3314;60;105;0;79,755;102,257;33;288
400-0,2-200-4;15951;79,755;11,8562;57;102;0;79,755;83,0717;31;234
400-0,2-200-5;15954;79,77;11,6953;50;107;0;79,77;20,2133;54;158
400-0,2-200-6;15956;79,78;10,7994;55;102;0;79,78;23,1654;44;116
400-0,2-200-7;15954;79,77;11,6286;59;101;0;79,77;70,8515;29;201
400-0,2-200-8;15945;79,725;10,7072;61;102;0;79,725;101,968;33;287
400-0,2-200-9;15954;79,77;12,2403;54;106;0;79,77;27,8777;50;151
400-0,8-400-0;63753;159,383;7,82672;126;198;0;318,765;4,3456;286;349
400-0,8-400-1;63761;159,402;7,7339;131;194;0;318,805;4,85002;282;348
400-0,8-400-2;63746;159,365;7,67046;133;195;0;318,73;5,34037;287;355
400-0,8-400-3;63725;159,312;7,90686;125;198;0;318,625;9,4999;277;374
400-0,8-400-4;63728;159,32;7,79566;127;195;0;318,64;3,18955;298;377
400-0,8-400-5;63757;159,393;7,51389;126;207;0;318,785;3,2586;286;343
400-0,8-400-6;63749;159,372;8,20772;121;193;0;318,745;4,46859;277;361
400-0,8-400-7;63745;159,363;7,71356;123;201;0;318,725;6,45784;283;360
400-0,8-400-8;63743;159,357;8,04388;130;207;0;318,715;9,60051;271;375
400-0,8-400-9;63742;159,355;8,68055;120;207;0;318,71;4,37548;292;364
400-0,5-400-0;39886;99,715;9,79771;70;127;0;199,43;8,75429;166;261
400-0,5-400-1;39891;99,7275;10,1481;70;130;0;199,455;18,1068;159;287
400-0,5-400-2;39884;99,71;9,75922;71;125;0;199,42;11,8987;150;244
400-0,5-400-3;39878;99,695;10,1106;69;132;0;199,39;33,8517;115;292
400-0,5-400-4;39885;99,7125;10,1366;76;142;0;199,425;9,61643;148;235
400-0,5-400-5;39886;99,715;9,94493;73;131;0;199,43;10,5405;155;245
400-0,5-400-6;39889;99,7225;10,186;74;125;0;199,445;11,8854;166;275
400-0,5-400-7;39884;99,71;9,95236;71;132;0;199,42;16,7415;153;299
400-0,5-400-8;39880;99,7;10,2903;74;133;0;199,4;33,7475;119;290
400-0,5-400-9;39876;99,69;11,1703;69;133;0;199,38;7,10671;169;285
400-0,2-400-0;15959;39,8975;15,6881;24;59;0;79,795;17,0728;55;146
400-0,2-400-1;15959;39,8975;16,1624;22;58;0;79,795;63,2449;35;181
400-0,2-400-2;15959;39,8975;15,8197;24;59;0;79,795;44,4259;34;141
400-0,2-400-3;15958;39,895;15,7883;20;63;0;79,79;102,271;33;288
400-0,2-400-4;15959;39,8975;16,9108;20;60;0;79,795;83,0899;31;234
400-0,2-400-5;15958;39,895;16,0849;24;59;0;79,79;20,2052;54;158
400-0,2-400-6;15958;39,895;15,4808;23;62;0;79,79;23,1691;44;116
400-0,2-400-7;15959;39,8975;16,0972;24;58;0;79,795;70,8472;29;201
400-0,2-400-8;15957;39,8925;15,9323;24;59;0;79,785;101,97;34;288
400-0,2-400-9;15959;39,8975;16,7137;20;59;0;79,795;27,8618;50;151
400-0,8-500-0;63791;127,582;8,71516;96;163;0;318,955;4,33398;286;349
400-0,8-500-1;63806;127,612;8,2822;102;160;0;319,03;4,82712;282;348
400-0,8-500-2;63799;127,598;8,65809;94;165;0;318,995;5,34737;288;355
400-0,8-500-3;63806;127,612;8,77106;92;158;0;319,03;9,4905;277;374
400-0,8-500-4;63790;127,58;8,83085;92;166;0;318,95;3,17094;298;377
400-0,8-500-5;63801;127,602;8,58756;95;168;0;319,005;3,24064;287;342
400-0,8-500-6;63794;127,588;8,88144;97;166;0;318,97;4,44956;277;361
400-0,8-500-7;63792;127,584;9,03329;92;159;0;318,96;6,45878;283;360
400-0,8-500-8;63784;127,568;8,62276;93;154;0;318,92;9,59416;271;376
400-0,8-500-9;63793;127,586;9,66921;90;166;0;318,965;4,37803;293;364
400-0,5-500-0;39887;79,774;11,6569;54;112;0;199,435;8,74725;166;261
400-0,5-500-1;39895;79,79;10,6568;57;108;0;199,475;18,1071;159;287
400-0,5-500-2;39892;79,784;10,9842;54;103;0;199,46;11,8962;150;244
400-0,5-500-3;39891;79,782;11,2206;53;105;0;199,455;33,8588;115;292
400-0,5-500-4;39894;79,788;11,2754;57;111;0;199,47;9,61714;148;235
400-0,5-500-5;39893;79,786;11,2852;55;109;0;199,465;10,5411;155;245
400-0,5-500-6;39889;79,778;11,5198;55;106;0;199,445;11,8829;166;275
400-0,5-500-7;39891;79,782;11,4171;58;105;0;199,455;16,7365;153;299
400-0,5-500-8;39887;79,774;11,2119;46;109;0;199,435;33,7488;119;290
400-0,5-500-9;39891;79,782;12,3212;52;115;0;199,455;7,10337;169;285
400-0,2-500-0;15959;31,918;18,3744;16;53;0;79,795;17,0585;55;145
400-0,2-500-1;15960;31,92;17,6869;14;49;0;79,8;63,2442;35;181
400-0,2-500-2;15959;31,918;17,3987;16;52;0;79,795;44,4259;34;141
400-0,2-500-3;15960;31,92;18,1048;14;50;0;79,8;102,278;33;288
400-0,2-500-4;15960;31,92;18,6043;16;52;0;79,8;83,0888;31;234
400-0,2-500-5;15958;31,916;17,8448;15;48;0;79,79;20,2052;54;158
400-0,2-500-6;15959;31,918;17,8883;13;48;0;79,795;23,1674;44;116
400-0,2-500-7;15960;31,92;17,9064;19;47;0;79,8;70,8462;29;201
400-0,2-500-8;15958;31,916;17,1422;18;50;0;79,79;101,978;34;288
400-0,2-500-9;15960;31,92;18,4889;12;48;0;79,8;27,8562;50;151
500-0,8-125-0;58874;470,992;0,990229;461;479;0;235,496;21,9222;149;476
500-0,8-125-1;59509;476,072;0,994211;462;487;0;238,036;10,4917;191;453
500-0,8-125-2;59665;477,32;1,02997;460;488;0;238,66;8,139;196;424
500-0,8-125-3;59486;475,888;0,970158;466;488;0;237,944;10,4315;192;449
500-0,8-125-4;59691;477,528;0,880357;465;490;0;238,764;6,1821;200;403
500-0,8-125-5;59637;477,096;1,0891;461;490;0;238,548;6,71996;201;427
500-0,8-125-6;59512;476,096;1,04005;455;491;0;238,048;7,956;199;443
500-0,8-125-7;59635;477,08;1,0762;461;488;0;238,54;6,50157;205;438
500-0,8-125-8;59602;476,816;0,99096;465;489;0;238,408;7,32773;195;444
500-0,8-125-9;59638;477,104;0,990518;463;490;0;238,552;7,14263;204;427
500-0,5-125-0;48234;385,872;2,18722;365;413;0;192,936;58,3023;102;476
500-0,5-125-1;50713;405,704;2,34791;375;435;0;202,852;31,1707;121;326
500-0,5-125-2;52037;416,296;2,24253;384;437;0;208,148;15,0099;164;350
500-0,5-125-3;50887;407,096;2,13975;376;430;0;203,548;30,3867;119;336
500-0,5-125-4;52075;416,6;2,34659;389;441;0;208,3;9,94682;174;296
500-0,5-125-5;52126;417,008;2,48499;385;443;0;208,504;8,74946;176;319
500-0,5-125-6;52019;416,152;2,65504;379;436;0;208,076;13,6954;168;365
500-0,5-125-7;51750;414;2,46822;391;442;0;207;16,1169;158;304
500-0,5-125-8;51904;415,232;2,46525;390;441;0;207,616;14,6721;156;290
500-0,5-125-9;52132;417,056;2,39359;390;446;0;208,528;11,4452;158;276
500-0,2-125-0;24277;194,216;6,62609;154;228;0;97,108;130,632;46;476
500-0,2-125-1;24634;197,072;6,46654;163;230;0;98,536;100,56;44;356
500-0,2-125-2;24844;198,752;6,24952;169;234;0;99,376;71,2836;42;246
500-0,2-125-3;24695;197,56;6,04989;171;223;0;98,78;99,7962;43;344
500-0,2-125-4;24919;199,352;7,33163;162;235;0;99,676;19,5992;70;176
500-0,2-125-5;24920;199,36;7,83414;164;247;0;99,68;18,2091;70;200
500-0,2-125-6;24834;198,672;7,23883;157;235;0;99,336;74,5119;42;253
500-0,2-125-7;24889;199,112;7,07077;171;225;0;99,556;55,5631;39;202
500-0,2-125-8;24883;199,064;6,92815;159;234;0;99,532;51,2165;41;204
500-0,2-125-9;24912;199,296;6,93964;170;239;0;99,648;44,13;43;178
500-0,8-250-0;91708;366,832;3,12043;339;395;0;366,832;22,397;250;476
500-0,8-250-1;92419;369,676;3,17501;333;415;0;369,676;9,28027;316;453
500-0,8-250-2;92640;370,56;3,31276;336;400;0;370,56;6,47798;323;425
500-0,8-250-3;92358;369,432;3,75188;327;406;0;369,432;9,55579;320;449
500-0,8-250-4;92737;370,948;3,21351;337;400;0;370,948;3,74226;326;405
500-0,8-250-5;92691;370,764;3,76754;332;399;0;370,764;4,23091;324;427
500-0,8-250-6;92599;370,396;3,60094;335;408;0;370,396;6,32526;334;443
500-0,8-250-7;92685;370,74;3,45786;331;404;0;370,74;3,96873;341;438
500-0,8-250-8;92602;370,408;3,64287;328;412;0;370,408;5,05506;336;444
500-0,8-250-9;92713;370,852;3,29888;323;407;0;370,852;5,1772;333;427
500-0,5-250-0;61595;246,38;5,82356;197;279;0;246,38;59,9729;139;482
500-0,5-250-1;62076;248,304;6,09502;209;296;0;248,304;32,2703;148;361
500-0,5-250-2;62160;248,64;5,73411;212;287;0;248,64;15,6631;199;372
500-0,5-250-3;62050;248,2;6,31;209;287;0;248,2;31,4009;150;350
500-0,5-250-4;62159;248,636;5,66497;214;290;0;248,636;9,93532;204;322
500-0,5-250-5;62165;248,66;6,42806;197;291;0;248,66;8,73206;208;326
500-0,5-250-6;62156;248,624;6,31743;199;291;0;248,624;13,8885;203;386
500-0,5-250-7;62138;248,552;6,1414;209;296;0;248,552;16,8521;189;332
500-0,5-250-8;62134;248,536;6,82063;208;294;0;248,536;15,3498;189;324
500-0,5-250-9;62171;248,684;6,42502;197;298;0;248,684;11,552;190;301
500-0,2-250-0;24911;99,644;10,1747;73;129;0;99,644;131,134;47;483
500-0,2-250-1;24930;99,72;10,0061;75;135;0;99,72;100,707;44;361
500-0,2-250-2;24939;99,756;9,85055;68;133;0;99,756;71,3374;42;248
500-0,2-250-3;24932;99,728;9,63067;74;125;0;99,728;99,9136;43;348
500-0,2-250-4;24943;99,772;9,59852;74;128;0;99,772;19,5869;70;176
500-0,2-250-5;24943;99,772;10,4918;71;131;0;99,772;18,2122;70;200
500-0,2-250-6;24943;99,772;10,1934;67;131;0;99,772;74,5391;42;255
500-0,2-250-7;24943;99,772;9,89088;78;128;0;99,772;55,6207;39;202
500-0,2-250-8;24943;99,772;9,74023;69;128;0;99,772;51,2431;41;205
500-0,2-250-9;24947;99,788;9,41651;76;132;0;99,788;44,1236;43;178
500-0,8-500-0;99658;199,316;6,79902;163;239;0;398,632;22,8758;273;486
500-0,8-500-1;99684;199,368;6,52578;159;238;0;398,736;9,4932;340;464
500-0,8-500-2;99682;199,364;6,94052;162;237;0;398,728;6,48639;354;452
500-0,8-500-3;99676;199,352;7,56248;150;247;0;398,704;9,69815;343;470
500-0,8-500-4;99690;199,38;6,78831;156;240;0;398,76;3,56759;363;428
500-0,8-500-5;99692;199,384;7,10462;152;244;0;398,768;4,14503;361;436
500-0,8-500-6;99683;199,366;7,22965;159;245;0;398,732;6,41275;353;458
500-0,8-500-7;99678;199,356;7,27963;162;234;0;398,712;3,78928;362;456
500-0,8-500-8;99689;199,378;7,18256;160;242;0;398,756;4,94384;357;458
500-0,8-500-9;99671;199,342;7,10414;149;242;0;398,684;5,22953;357;450
500-0,5-500-0;62332;124,664;8,89573;93;160;0;249,328;60,0875;141;486
500-0,5-500-1;62353;124,706;8,85086;97;164;0;249,412;32,3373;148;362
500-0,5-500-2;62353;124,706;8,38481;98;158;0;249,412;15,6893;199;373
500-0,5-500-3;62351;124,702;8,93047;87;159;0;249,404;31,4319;150;351
500-0,5-500-4;62359;124,718;8,43884;94;161;0;249,436;9,9263;205;323
500-0,5-500-5;62358;124,716;8,9085;90;160;0;249,432;8,71471;209;327
500-0,5-500-6;62358;124,716;9,29834;97;161;0;249,432;13,8692;203;386
500-0,5-500-7;62358;124,716;9,08798;93;162;0;249,432;16,8522;189;332
500-0,5-500-8;62362;124,724;9,10607;93;158;0;249,448;15,3785;189;325
500-0,5-500-9;62355;124,71;9,0878;89;160;0;249,42;11,5554;191;301
500-0,2-500-0;24943;49,886;13,793;28;69;0;99,772;131,136;48;483
500-0,2-500-1;24949;49,898;13,7106;34;73;0;99,796;100,721;44;362
500-0,2-500-2;24949;49,898;13,9706;30;73;0;99,796;71,3352;42;248
500-0,2-500-3;24947;49,894;14,1675;27;72;0;99,788;99,9125;43;348
500-0,2-500-4;24950;49,9;13,7157;24;69;0;99,8;19,5888;70;176
500-0,2-500-5;24949;49,898;14,0102;32;78;0;99,796;18,2033;70;200
500-0,2-500-6;24950;49,9;14,8727;29;72;0;99,8;74,5354;42;255
500-0,2-500-7;24949;49,898;14,4054;31;73;0;99,796;55,6169;39;202
500-0,2-500-8;24950;49,9;13,9295;30;77;0;99,8;51,2531;41;205
500-0,2-500-9;24949;49,898;13,1557;35;72;0;99,796;44,1218;43;178
500-0,8-625-0;99748;159,597;7,61798;125;196;0;398,992;22,8854;273;486
500-0,8-625-1;99749;159,598;7,36211;125;195;0;398,996;9,48187;341;464
500-0,8-625-2;99742;159,587;7,84542;120;196;0;398,968;6,47023;354;453
500-0,8-625-3;99738;159,581;8,10673;121;201;0;398,952;9,68324;343;470
500-0,8-625-4;99758;159,613;7,86913;123;204;0;399,032;3,5616;364;428
500-0,8-625-5;99741;159,586;7,94703;122;200;0;398,964;4,12614;361;436
500-0,8-625-6;99755;159,608;7,89649;122;195;0;399,02;6,40564;353;459
500-0,8-625-7;99745;159,592;7,97981;114;198;0;398,98;3,7833;362;456
500-0,8-625-8;99747;159,595;7,78325;122;199;0;398,988;4,93109;358;458
500-0,8-625-9;99738;159,581;8,0073;109;197;0;398,952;5,21435;358;449
500-0,5-625-0;62358;99,7728;9,83154;65;128;0;249,432;60,0863;141;486
500-0,5-625-1;62365;99,784;10,145;72;138;0;249,46;32,3384;148;362
500-0,5-625-2;62367;99,7872;9,42854;74;129;0;249,468;15,6857;199;373
500-0,5-625-3;62366;99,7856;10,135;75;128;0;249,464;31,4367;150;351
500-0,5-625-4;62367;99,7872;9,42428;75;144;0;249,468;9,92608;205;323
500-0,5-625-5;62365;99,784;10,2507;64;134;0;249,46;8,71745;210;327
500-0,5-625-6;62368;99,7888;9,92483;66;131;0;249,472;13,866;203;386
500-0,5-625-7;62369;99,7904;9,94468;73;130;0;249,476;16,8545;189;332
500-0,5-625-8;62366;99,7856;10,1378;68;129;0;249,464;15,3783;189;325
500-0,5-625-9;62364;99,7824;10,0753;70;132;0;249,456;11,5511;191;301
500-0,2-625-0;24946;39,9136;15,7264;21;57;0;99,784;131,128;48;483
500-0,2-625-1;24949;39,9184;15,9356;21;59;0;99,796;100,721;44;362
500-0,2-625-2;24949;39,9184;15,5762;23;59;0;99,796;71,3357;42;248
500-0,2-625-3;24948;39,9168;16,3882;20;60;0;99,792;99,912;43;348
500-0,2-625-4;24950;39,92;15,7878;20;60;0;99,8;19,5888;70;176
500-0,2-625-5;24949;39,9184;15,9375;24;65;0;99,796;18,2033;70;200
500-0,2-625-6;24949;39,9184;15,5987;22;62;0;99,796;74,536;42;255
500-0,2-625-7;24950;39,92;15,5437;25;66;0;99,8;55,6166;39;202
500-0,2-625-8;24950;39,92;14,7992;19;65;0;99,8;51,2531;41;205
500-0,2-625-9;24949;39,9184;15,1427;22;58;0;99,796;44,1218;43;178
